{"last_download_failure": 1591317176.3143752, "last_download_success": 1591144483.381017, "unseen_downloads": []}